<?xml version="1.0" encoding="UTF-8"?>

<!DOCTYPE hibernate-configuration SYSTEM "http://www.hibernate.org/dtd/hibernate-configuration-3.0.dtd">

<hibernate-configuration>


<session-factory>
<property name="hbm2ddl.auto">update</property>
    <property name="hibernate.dialect">org.hibernate.dialect.MySQLDialect</property>
    <property name="hibernate.connection.driver_class">com.mysql.cj.jdbc.Driver</property>
    <property name="hibernate.connection.url">jdbc:mysql://127.0.0.1:3306/atm_process</property>
  



<property name="connection.username">root</property>

<property name="connection.password"> </property>

<property name="dialect">org.hibernate.dialect.MySQL5Dialect</property>

<property name="hbm2ddl.auto">update</property>

<property name="show_sql">true</property>

<property name="format_sql">true</property>

<mapping class="com.entity.account"/>

</session-factory>

</hibernate-configuration>